{
  "generated_at": "2026-03-27 02:37:09",
  "runs": [
    {
      "scenario": "regular_grid_32x32",
      "strategy": "knn",
      "runtime_s": 0.0962,
      "n_nodes": 1024,
      "n_edges": 8192,
      "isolated_nodes": 0,
      "weak_components": 1,
      "out_degree": {
        "min": 0.0,
        "median": 8.0,
        "p95": 8.0,
        "max": 8.0
      },
      "in_degree": {
        "min": 0.0,
        "median": 8.0,
        "p95": 9.0,
        "max": 13.0
      },
      "edge_length": {
        "mean": 0.04005216627512742,
        "p95": 0.045619792334616084,
        "max": 0.09123958466923202
      },
      "preview_image": "figures\\regular_grid_32x32__knn.png"
    },
    {
      "scenario": "regular_grid_32x32",
      "strategy": "radius",
      "runtime_s": 0.1371,
      "n_nodes": 1024,
      "n_edges": 19092,
      "isolated_nodes": 0,
      "weak_components": 1,
      "out_degree": {
        "min": 0.0,
        "median": 20.0,
        "p95": 20.0,
        "max": 20.0
      },
      "in_degree": {
        "min": 0.0,
        "median": 20.0,
        "p95": 20.0,
        "max": 20.0
      },
      "edge_length": {
        "mean": 0.0569746873988102,
        "p95": 0.07213122508063842,
        "max": 0.07213122508063846
      },
      "preview_image": "figures\\regular_grid_32x32__radius.png"
    },
    {
      "scenario": "regular_grid_32x32",
      "strategy": "hybrid",
      "runtime_s": 0.1017,
      "n_nodes": 1024,
      "n_edges": 11652,
      "isolated_nodes": 0,
      "weak_components": 1,
      "out_degree": {
        "min": 0.0,
        "median": 12.0,
        "p95": 12.0,
        "max": 12.0
      },
      "in_degree": {
        "min": 0.0,
        "median": 12.0,
        "p95": 12.0,
        "max": 12.0
      },
      "edge_length": {
        "mean": 0.04729698053708675,
        "p95": 0.06451612903225812,
        "max": 0.06451612903225812
      },
      "preview_image": "figures\\regular_grid_32x32__hybrid.png"
    },
    {
      "scenario": "jittered_grid_32x32",
      "strategy": "knn",
      "runtime_s": 0.0565,
      "n_nodes": 1024,
      "n_edges": 8192,
      "isolated_nodes": 0,
      "weak_components": 1,
      "out_degree": {
        "min": 0.0,
        "median": 8.0,
        "p95": 8.0,
        "max": 8.0
      },
      "in_degree": {
        "min": 0.0,
        "median": 8.0,
        "p95": 11.0,
        "max": 14.0
      },
      "edge_length": {
        "mean": 0.03878082880081157,
        "p95": 0.058487786775349306,
        "max": 0.08451408658322888
      },
      "preview_image": "figures\\jittered_grid_32x32__knn.png"
    },
    {
      "scenario": "jittered_grid_32x32",
      "strategy": "radius",
      "runtime_s": 0.1975,
      "n_nodes": 1024,
      "n_edges": 17714,
      "isolated_nodes": 0,
      "weak_components": 1,
      "out_degree": {
        "min": 0.0,
        "median": 18.0,
        "p95": 21.0,
        "max": 23.0
      },
      "in_degree": {
        "min": 0.0,
        "median": 18.0,
        "p95": 21.0,
        "max": 25.0
      },
      "edge_length": {
        "mean": 0.054327862123726214,
        "p95": 0.0780053143016858,
        "max": 0.07999363575187293
      },
      "preview_image": "figures\\jittered_grid_32x32__radius.png"
    },
    {
      "scenario": "jittered_grid_32x32",
      "strategy": "hybrid",
      "runtime_s": 0.1576,
      "n_nodes": 1024,
      "n_edges": 13504,
      "isolated_nodes": 0,
      "weak_components": 1,
      "out_degree": {
        "min": 0.0,
        "median": 13.0,
        "p95": 17.0,
        "max": 21.0
      },
      "in_degree": {
        "min": 0.0,
        "median": 13.0,
        "p95": 17.0,
        "max": 21.0
      },
      "edge_length": {
        "mean": 0.04783861512181512,
        "p95": 0.06839013891947908,
        "max": 0.06999640186640302
      },
      "preview_image": "figures\\jittered_grid_32x32__hybrid.png"
    },
    {
      "scenario": "sparse_clusters",
      "strategy": "knn",
      "runtime_s": 0.0206,
      "n_nodes": 320,
      "n_edges": 2560,
      "isolated_nodes": 0,
      "weak_components": 7,
      "out_degree": {
        "min": 0.0,
        "median": 8.0,
        "p95": 8.0,
        "max": 8.0
      },
      "in_degree": {
        "min": 0.0,
        "median": 8.0,
        "p95": 14.0,
        "max": 17.0
      },
      "edge_length": {
        "mean": 0.018574191850577744,
        "p95": 0.038077671617665655,
        "max": 0.07711267813985706
      },
      "preview_image": "figures\\sparse_clusters__knn.png"
    },
    {
      "scenario": "sparse_clusters",
      "strategy": "radius",
      "runtime_s": 0.0993,
      "n_nodes": 320,
      "n_edges": 7334,
      "isolated_nodes": 0,
      "weak_components": 7,
      "out_degree": {
        "min": 0.0,
        "median": 23.0,
        "p95": 23.0,
        "max": 23.0
      },
      "in_degree": {
        "min": 0.0,
        "median": 22.0,
        "p95": 38.0,
        "max": 39.0
      },
      "edge_length": {
        "mean": 0.030327792040808575,
        "p95": 0.05673570912626984,
        "max": 0.07992933172325999
      },
      "preview_image": "figures\\sparse_clusters__radius.png"
    },
    {
      "scenario": "sparse_clusters",
      "strategy": "hybrid",
      "runtime_s": 0.1193,
      "n_nodes": 320,
      "n_edges": 7258,
      "isolated_nodes": 0,
      "weak_components": 7,
      "out_degree": {
        "min": 0.0,
        "median": 23.0,
        "p95": 23.0,
        "max": 23.0
      },
      "in_degree": {
        "min": 0.0,
        "median": 22.0,
        "p95": 38.0,
        "max": 39.0
      },
      "edge_length": {
        "mean": 0.029869265065283684,
        "p95": 0.0554163874914527,
        "max": 0.06993202887202916
      },
      "preview_image": "figures\\sparse_clusters__hybrid.png"
    }
  ],
  "observations": [
    "jittered_grid_32x32: best connectivity is `knn` (isolated=0, weak_components=1, runtime=0.057s). Denser graphs (max edges) come from `radius` (n_edges=17714); radius has n_edges=17714.",
    "regular_grid_32x32: best connectivity is `knn` (isolated=0, weak_components=1, runtime=0.096s). Denser graphs (max edges) come from `radius` (n_edges=19092); radius has n_edges=19092.",
    "sparse_clusters: best connectivity is `knn` (isolated=0, weak_components=7, runtime=0.021s). Denser graphs (max edges) come from `radius` (n_edges=7334); radius has n_edges=7334.",
    "Overall: `knn` is the fastest strategy on average runtime across scenarios."
  ]
}